{"cameraMode":{"drawMode":0,"name":"Shaded","section":"Shading Mode"},"sceneLighting":true,"audioPlay":false,"sceneViewState":{"showFog":true,"showMaterialUpdate":true,"showSkybox":true,"showFlares":true,"showImageEffects":true,"showParticleSystems":true},"in2DMode":false,"pivot":{"x":529.064697265625,"y":291.8197021484375,"z":450.99102783203127},"rotation":{"x":-0.04529307410120964,"y":-0.006895843893289566,"z":0.00031253453926183283,"w":-0.9989499449729919},"size":1603.9532470703125,"orthographic":false}